{
  "n_test": 200,
  "n_posterior_samples": 500,
  "param_names": [
    "beta",
    "gamma",
    "I0"
  ],
  "NPE": {
    "mae": {
      "mae_beta": 0.0068024154752492905,
      "mae_gamma": 0.0013134811306372285,
      "mae_i0": 1.8620182275772095,
      "mae_mean": 0.6233780413943654
    },
    "coverage": {
      "coverage_50": {
        "beta": 0.735,
        "gamma": 0.605,
        "i0": 0.625,
        "mean": 0.655
      },
      "coverage_90": {
        "beta": 0.99,
        "gamma": 0.95,
        "i0": 0.96,
        "mean": 0.9666666666666667
      }
    },
    "rmse": {
      "rmse_beta": 0.009201213717460632,
      "rmse_gamma": 0.001991952070966363,
      "rmse_i0": 2.5134732723236084
    }
  },
  "NLE": {
    "mae": {
      "mae_beta": 0.06715736538171768,
      "mae_gamma": 0.022867953404784203,
      "mae_i0": 2.2245330810546875,
      "mae_mean": 0.7715194666137298
    },
    "coverage": {
      "coverage_50": {
        "beta": 0.595,
        "gamma": 0.44,
        "i0": 0.42,
        "mean": 0.485
      },
      "coverage_90": {
        "beta": 0.945,
        "gamma": 0.86,
        "i0": 0.855,
        "mean": 0.8866666666666667
      }
    },
    "rmse": {
      "rmse_beta": 0.08225809782743454,
      "rmse_gamma": 0.02630935236811638,
      "rmse_i0": 2.878153085708618
    }
  }
}