{
  "n_test": 200,
  "n_posterior_samples": 500,
  "NPE": {
    "mae": {
      "mae_beta": 0.005851202178746462,
      "mae_gamma": 0.0013124403776600957,
      "mae_mean": 0.0035818212782032788
    },
    "coverage": {
      "coverage_50": {
        "beta": 0.65,
        "gamma": 0.58,
        "mean": 0.615
      },
      "coverage_90": {
        "beta": 0.98,
        "gamma": 0.91,
        "mean": 0.945
      }
    },
    "rmse": {
      "rmse_beta": 0.007614677771925926,
      "rmse_gamma": 0.0019369773799553514
    }
  },
  "NLE": {
    "mae": {
      "mae_beta": 0.055701788514852524,
      "mae_gamma": 0.023440370336174965,
      "mae_mean": 0.039571079425513744
    },
    "coverage": {
      "coverage_50": {
        "beta": 0.55,
        "gamma": 0.445,
        "mean": 0.4975
      },
      "coverage_90": {
        "beta": 0.925,
        "gamma": 0.85,
        "mean": 0.8875
      }
    },
    "rmse": {
      "rmse_beta": 0.07113825529813766,
      "rmse_gamma": 0.027159854769706726
    }
  }
}