{
  "country": "Italy",
  "wave_start": "2020-02-23",
  "T": 160,
  "real_population": 59037472.0,
  "NPE": {
    "beta_mean": 0.5442261695861816,
    "beta_ci90": [
      0.5184028834104538,
      0.5689611077308655
    ],
    "gamma_mean": 0.10321303457021713,
    "gamma_ci90": [
      0.0995259553194046,
      0.10673325024545192
    ],
    "R0_mean": 5.275863170623779,
    "R0_ci90": [
      4.9558120489120485,
      5.602536678314209
    ]
  },
  "NLE": {
    "beta_mean": 0.11427796632051468,
    "beta_ci90": [
      0.10061652958393097,
      0.14328425824642183
    ],
    "gamma_mean": 0.047898177057504654,
    "gamma_ci90": [
      0.012754730973392725,
      0.09436342120170593
    ],
    "R0_mean": 3.4758877754211426,
    "R0_ci90": [
      1.1561503410339355,
      8.606792020797727
    ]
  }
}