{
  "country": "Italy",
  "wave_start": "2020-02-23",
  "T": 160,
  "real_population": 59037472.0,
  "NPE": {
    "beta_mean": 0.27176403999328613,
    "beta_ci90": [
      0.2419123522937298,
      0.30296906977891924
    ],
    "gamma_mean": 0.17125320434570312,
    "gamma_ci90": [
      0.1474717803299427,
      0.19423784092068672
    ],
    "I0_mean": 2.8749938011169434,
    "I0_ci90": [
      -0.00618188334628926,
      5.8981649398803695
    ],
    "R0_mean": 1.5905632972717285,
    "R0_ci90": [
      1.4760568618774415,
      1.7174883425235747
    ]
  },
  "NLE": {
    "beta_mean": 0.14027181267738342,
    "beta_ci90": [
      0.10639463365077972,
      0.2039860337972641
    ],
    "gamma_mean": 0.056046273559331894,
    "gamma_ci90": [
      0.029276402667164803,
      0.09768588840961456
    ],
    "I0_mean": 1.1303294897079468,
    "I0_ci90": [
      1.018275499343872,
      1.3597406148910522
    ],
    "R0_mean": 3.363832950592041,
    "R0_ci90": [
      1.1359261274337769,
      5.253182888031006
    ]
  }
}